trace_291110741.txt, 291110741
trace_500685230.txt, 500685230
trace_334391371.txt, 334391371
trace_401223141.txt, 401223141
trace_1041991562.txt, 1041991562
trace_884757679.txt, 884757679
trace_292863797.txt, 292863797
trace_1023900548.txt, 1023900548
trace_567447582.txt, 567447582
trace_897469018.txt, 897469018
trace_786286232.txt, 786286232
trace_550096559.txt, 550096559
trace_888432708.txt, 888432708
trace_926583971.txt, 926583971
trace_552867039.txt, 552867039
trace_23761525.txt, 23761525
trace_4563656.txt, 4563656
trace_400834955.txt, 400834955
trace_1021867141.txt, 1021867141
trace_291135384.txt, 291135384
trace_720002461.txt, 720002461
trace_449113529.txt, 449113529
trace_314023973.txt, 314023973
trace_244359769.txt, 244359769
trace_550251511.txt, 550251511
trace_759851264.txt, 759851264
trace_261991736.txt, 261991736
trace_1029023829.txt, 1029023829
trace_501765082.txt, 501765082
trace_936245823.txt, 936245823
trace_256801184.txt, 256801184
trace_919983103.txt, 919983103
trace_798401154.txt, 798401154
trace_362469776.txt, 362469776
trace_548363797.txt, 548363797
trace_458714958.txt, 458714958
trace_902847181.txt, 902847181
trace_725790859.txt, 725790859
trace_618777236.txt, 618777236
trace_123726022.txt, 123726022
trace_152890147.txt, 152890147
trace_369373394.txt, 369373394
trace_86466958.txt, 86466958
trace_440714851.txt, 440714851
trace_994162039.txt, 994162039
trace_456697532.txt, 456697532
trace_204697393.txt, 204697393
trace_339362668.txt, 339362668
trace_801573204.txt, 801573204
trace_343671039.txt, 343671039
trace_647222824.txt, 647222824
trace_90063269.txt, 90063269
trace_286877368.txt, 286877368
trace_901825237.txt, 901825237
trace_74728949.txt, 74728949
trace_67394066.txt, 67394066
trace_222950446.txt, 222950446
trace_109815953.txt, 109815953
trace_869024899.txt, 869024899
trace_1014034741.txt, 1014034741
trace_1012695716.txt, 1012695716
trace_265661453.txt, 265661453
trace_827530618.txt, 827530618
trace_292123942.txt, 292123942
trace_983712484.txt, 983712484
trace_511496932.txt, 511496932
trace_53112067.txt, 53112067
trace_249384223.txt, 249384223
trace_365696344.txt, 365696344
trace_515277591.txt, 515277591
trace_916065219.txt, 916065219
trace_628926919.txt, 628926919
trace_414995486.txt, 414995486
trace_261795598.txt, 261795598
trace_661607181.txt, 661607181
trace_459717995.txt, 459717995
trace_453782963.txt, 453782963
trace_567277088.txt, 567277088
trace_797981158.txt, 797981158
trace_848970877.txt, 848970877
trace_621038132.txt, 621038132
trace_814970642.txt, 814970642
trace_766099110.txt, 766099110
trace_622325420.txt, 622325420
trace_158792268.txt, 158792268
trace_466406163.txt, 466406163
trace_634486042.txt, 634486042
trace_830779105.txt, 830779105
trace_883439316.txt, 883439316
trace_945748151.txt, 945748151
trace_357464073.txt, 357464073
trace_1061420640.txt, 1061420640
trace_439089124.txt, 439089124
trace_37207683.txt, 37207683
trace_217425420.txt, 217425420
trace_893327676.txt, 893327676
trace_112973346.txt, 112973346
trace_726276734.txt, 726276734
trace_701620791.txt, 701620791
trace_990710151.txt, 990710151
trace_312036882.txt, 312036882
trace_815243114.txt, 815243114
trace_559638690.txt, 559638690
trace_535009139.txt, 535009139
trace_849045714.txt, 849045714
trace_881851394.txt, 881851394
trace_142143409.txt, 142143409
trace_672799714.txt, 672799714
trace_722462498.txt, 722462498
trace_352557113.txt, 352557113
trace_178660309.txt, 178660309
trace_979174781.txt, 979174781
trace_103792246.txt, 103792246
trace_631243461.txt, 631243461
trace_332767558.txt, 332767558
trace_613114719.txt, 613114719
trace_311880635.txt, 311880635
trace_11398531.txt, 11398531
trace_285009103.txt, 285009103
trace_37723171.txt, 37723171
trace_399050798.txt, 399050798
trace_218290901.txt, 218290901
trace_161269928.txt, 161269928
trace_727807045.txt, 727807045
trace_390068347.txt, 390068347
trace_702598810.txt, 702598810
trace_953622012.txt, 953622012
trace_739147825.txt, 739147825
trace_992749886.txt, 992749886
trace_1071364580.txt, 1071364580
trace_1041136787.txt, 1041136787
trace_260391545.txt, 260391545
trace_669176238.txt, 669176238
trace_207332837.txt, 207332837
trace_914786906.txt, 914786906
trace_487937882.txt, 487937882
trace_639905598.txt, 639905598
trace_70252838.txt, 70252838
trace_644569447.txt, 644569447
trace_332286492.txt, 332286492
trace_493461343.txt, 493461343
trace_606950082.txt, 606950082
trace_632468131.txt, 632468131
trace_86550496.txt, 86550496
trace_825020428.txt, 825020428
trace_1020315569.txt, 1020315569
trace_849794378.txt, 849794378
trace_188322777.txt, 188322777
trace_982478402.txt, 982478402
trace_322577878.txt, 322577878
trace_204952251.txt, 204952251
trace_5791602.txt, 5791602
trace_502511956.txt, 502511956
trace_719158153.txt, 719158153
trace_451544462.txt, 451544462
trace_996801600.txt, 996801600
trace_800936514.txt, 800936514
trace_482756490.txt, 482756490
trace_557889655.txt, 557889655
trace_532250546.txt, 532250546
trace_691436928.txt, 691436928
trace_16253902.txt, 16253902
trace_63922242.txt, 63922242
trace_241946105.txt, 241946105
trace_941005293.txt, 941005293
trace_669728987.txt, 669728987
trace_416088865.txt, 416088865
trace_804794568.txt, 804794568
trace_194398033.txt, 194398033
trace_579931620.txt, 579931620
trace_280695674.txt, 280695674
trace_149031071.txt, 149031071
trace_477200913.txt, 477200913
trace_197910186.txt, 197910186
trace_227131135.txt, 227131135
trace_396990882.txt, 396990882
trace_581075210.txt, 581075210
trace_1022533869.txt, 1022533869
trace_668406462.txt, 668406462
trace_24545186.txt, 24545186
trace_903068677.txt, 903068677
trace_96466215.txt, 96466215
trace_1007276375.txt, 1007276375
trace_1013087101.txt, 1013087101
trace_650256087.txt, 650256087
trace_928000869.txt, 928000869
trace_489410997.txt, 489410997
trace_62837240.txt, 62837240
trace_252485999.txt, 252485999
trace_79574314.txt, 79574314
trace_977580787.txt, 977580787
trace_843758216.txt, 843758216
trace_212249099.txt, 212249099
trace_790012222.txt, 790012222
trace_384873463.txt, 384873463
trace_862156550.txt, 862156550
trace_222805232.txt, 222805232
trace_276904502.txt, 276904502
trace_247412643.txt, 247412643
trace_622900669.txt, 622900669
trace_499572148.txt, 499572148
trace_1056123680.txt, 1056123680
trace_20165333.txt, 20165333
trace_456842520.txt, 456842520
trace_645092592.txt, 645092592
trace_658327065.txt, 658327065
trace_940623851.txt, 940623851
trace_474685637.txt, 474685637
trace_818010069.txt, 818010069
trace_629096109.txt, 629096109
trace_942841913.txt, 942841913
trace_514486998.txt, 514486998
trace_619614541.txt, 619614541
trace_183216512.txt, 183216512
trace_919646416.txt, 919646416
trace_647400585.txt, 647400585
trace_540208987.txt, 540208987
trace_822599651.txt, 822599651
trace_758268951.txt, 758268951
trace_355571164.txt, 355571164
trace_382467602.txt, 382467602
trace_814243727.txt, 814243727
trace_641749812.txt, 641749812
trace_213643532.txt, 213643532
trace_689018773.txt, 689018773
trace_751820412.txt, 751820412
trace_817940481.txt, 817940481
trace_311569802.txt, 311569802
trace_816824628.txt, 816824628
trace_148469161.txt, 148469161
trace_197911729.txt, 197911729
trace_684488406.txt, 684488406
trace_911733659.txt, 911733659
trace_517253335.txt, 517253335
trace_66405644.txt, 66405644
trace_899999542.txt, 899999542
trace_291246761.txt, 291246761
trace_300006810.txt, 300006810
trace_583481111.txt, 583481111
trace_299778155.txt, 299778155
trace_425582694.txt, 425582694
trace_702531989.txt, 702531989
trace_339725453.txt, 339725453
trace_292266071.txt, 292266071
trace_540885515.txt, 540885515
trace_949217401.txt, 949217401
trace_545988193.txt, 545988193
trace_118586980.txt, 118586980
trace_374116296.txt, 374116296
trace_503444794.txt, 503444794
trace_213337559.txt, 213337559
trace_451941185.txt, 451941185
trace_819145388.txt, 819145388
trace_983463486.txt, 983463486
trace_423974296.txt, 423974296
trace_610376079.txt, 610376079
trace_882783414.txt, 882783414
trace_370566375.txt, 370566375
trace_124531748.txt, 124531748
trace_1024321749.txt, 1024321749
trace_769304795.txt, 769304795
trace_567312223.txt, 567312223
trace_1048093558.txt, 1048093558
trace_197312273.txt, 197312273
trace_389817804.txt, 389817804
trace_1059806449.txt, 1059806449
trace_598033201.txt, 598033201
trace_779764300.txt, 779764300
trace_284387792.txt, 284387792
trace_628597004.txt, 628597004
trace_1070212033.txt, 1070212033
trace_533894862.txt, 533894862
trace_525033551.txt, 525033551
trace_505035874.txt, 505035874
trace_100052744.txt, 100052744
trace_848085476.txt, 848085476
trace_245616723.txt, 245616723
trace_968848756.txt, 968848756
trace_943771873.txt, 943771873
trace_342984322.txt, 342984322
trace_970537399.txt, 970537399
trace_339463143.txt, 339463143
trace_355838566.txt, 355838566
trace_686500724.txt, 686500724
trace_800006236.txt, 800006236
trace_806567396.txt, 806567396
trace_155581856.txt, 155581856
trace_862679091.txt, 862679091
trace_961364345.txt, 961364345
trace_746518340.txt, 746518340
trace_23397610.txt, 23397610
trace_211025734.txt, 211025734
trace_240906479.txt, 240906479
trace_1018455553.txt, 1018455553
trace_329761474.txt, 329761474
trace_736161031.txt, 736161031
trace_261780174.txt, 261780174
trace_191279645.txt, 191279645
trace_63859216.txt, 63859216
trace_887437302.txt, 887437302
trace_1036065029.txt, 1036065029
trace_426490674.txt, 426490674
trace_323947182.txt, 323947182
trace_976345124.txt, 976345124
trace_740421155.txt, 740421155
trace_913859228.txt, 913859228
trace_556886099.txt, 556886099
trace_91831637.txt, 91831637
trace_461466946.txt, 461466946
trace_249883464.txt, 249883464
trace_246529563.txt, 246529563
trace_175288893.txt, 175288893
trace_746764124.txt, 746764124
trace_334090231.txt, 334090231
trace_976643595.txt, 976643595
trace_42702307.txt, 42702307
trace_257253443.txt, 257253443
trace_358811261.txt, 358811261
trace_634963887.txt, 634963887
trace_324435010.txt, 324435010
trace_514036972.txt, 514036972
trace_932821735.txt, 932821735
trace_28364155.txt, 28364155
trace_368295134.txt, 368295134
trace_458224012.txt, 458224012
trace_957654925.txt, 957654925
trace_854815646.txt, 854815646
trace_534969038.txt, 534969038
trace_543481637.txt, 543481637
trace_857466695.txt, 857466695
trace_416898392.txt, 416898392
trace_807143203.txt, 807143203
trace_985252850.txt, 985252850
trace_376169274.txt, 376169274
trace_479596386.txt, 479596386
trace_614604743.txt, 614604743
trace_134536379.txt, 134536379
trace_990610919.txt, 990610919
trace_30238386.txt, 30238386
trace_435622985.txt, 435622985
trace_326469478.txt, 326469478
trace_795719378.txt, 795719378
trace_460233791.txt, 460233791
trace_521147876.txt, 521147876
trace_626772054.txt, 626772054
trace_839155237.txt, 839155237
trace_425969449.txt, 425969449
trace_154936537.txt, 154936537
trace_413063658.txt, 413063658
trace_567923954.txt, 567923954
trace_979101675.txt, 979101675
trace_862260460.txt, 862260460
trace_805361278.txt, 805361278
trace_31815580.txt, 31815580
trace_416533146.txt, 416533146
trace_354007989.txt, 354007989
trace_61796325.txt, 61796325
trace_432867839.txt, 432867839
trace_88448858.txt, 88448858
trace_870355338.txt, 870355338
trace_668637395.txt, 668637395
trace_525037803.txt, 525037803
trace_21445690.txt, 21445690
trace_284828658.txt, 284828658
trace_337486363.txt, 337486363
trace_426873907.txt, 426873907
trace_420832111.txt, 420832111
trace_364902622.txt, 364902622
trace_65034295.txt, 65034295
trace_950479334.txt, 950479334
trace_443518964.txt, 443518964
trace_216166356.txt, 216166356
trace_667759091.txt, 667759091
trace_1011423413.txt, 1011423413
trace_539415179.txt, 539415179
trace_418734033.txt, 418734033
trace_24752564.txt, 24752564
trace_835546786.txt, 835546786
trace_608815783.txt, 608815783
trace_405932282.txt, 405932282
trace_26322472.txt, 26322472
trace_866456055.txt, 866456055
trace_17771246.txt, 17771246
trace_24222136.txt, 24222136
trace_133916421.txt, 133916421
trace_499973082.txt, 499973082
trace_688605751.txt, 688605751
trace_534058610.txt, 534058610
trace_142931585.txt, 142931585
trace_524976134.txt, 524976134
trace_822935708.txt, 822935708
trace_126289156.txt, 126289156
trace_164217518.txt, 164217518
trace_701455285.txt, 701455285
trace_10674738.txt, 10674738
trace_278511849.txt, 278511849
trace_485571183.txt, 485571183
trace_979653264.txt, 979653264
trace_582730427.txt, 582730427
trace_6622378.txt, 6622378
trace_1032973353.txt, 1032973353
trace_296261378.txt, 296261378
trace_501986321.txt, 501986321
trace_712893182.txt, 712893182
trace_135502947.txt, 135502947
trace_1010728701.txt, 1010728701
trace_451358900.txt, 451358900
trace_928974856.txt, 928974856
trace_509583088.txt, 509583088
trace_611990982.txt, 611990982
trace_519057913.txt, 519057913
trace_878049920.txt, 878049920
trace_468483357.txt, 468483357
trace_403041948.txt, 403041948
trace_692450410.txt, 692450410
trace_798338332.txt, 798338332
trace_205979161.txt, 205979161
trace_152467432.txt, 152467432
trace_942668461.txt, 942668461
trace_581934559.txt, 581934559
trace_44565549.txt, 44565549
trace_124468438.txt, 124468438
trace_562925110.txt, 562925110
trace_17009344.txt, 17009344
trace_140198542.txt, 140198542
trace_328095160.txt, 328095160
trace_835998042.txt, 835998042
trace_540305481.txt, 540305481
trace_200461560.txt, 200461560
trace_129797014.txt, 129797014
trace_821818400.txt, 821818400
trace_167446974.txt, 167446974
trace_771497508.txt, 771497508
trace_188112081.txt, 188112081
trace_163170241.txt, 163170241
trace_132897787.txt, 132897787
trace_258909233.txt, 258909233
trace_939274091.txt, 939274091
trace_90930731.txt, 90930731
trace_926382934.txt, 926382934
trace_313634254.txt, 313634254
trace_569207380.txt, 569207380
trace_336732658.txt, 336732658
trace_1044865912.txt, 1044865912
trace_468371112.txt, 468371112
trace_763304898.txt, 763304898
trace_630676117.txt, 630676117
trace_244112697.txt, 244112697
trace_492661599.txt, 492661599
trace_852342879.txt, 852342879
trace_252551018.txt, 252551018
trace_791291827.txt, 791291827
trace_258628957.txt, 258628957
trace_1063962456.txt, 1063962456
trace_441401817.txt, 441401817
trace_537305577.txt, 537305577
trace_154992557.txt, 154992557
trace_357108462.txt, 357108462
trace_418948026.txt, 418948026
trace_227317304.txt, 227317304
trace_907917316.txt, 907917316
trace_892994378.txt, 892994378
trace_868098813.txt, 868098813
trace_160118936.txt, 160118936
trace_175893858.txt, 175893858
trace_771087632.txt, 771087632
trace_325338563.txt, 325338563
trace_90662087.txt, 90662087
trace_350398126.txt, 350398126
trace_544679966.txt, 544679966
trace_38796153.txt, 38796153
trace_539503037.txt, 539503037
trace_765755133.txt, 765755133
trace_962378999.txt, 962378999
trace_954986287.txt, 954986287
trace_994859388.txt, 994859388
trace_561869537.txt, 561869537
trace_589919656.txt, 589919656
trace_735097514.txt, 735097514
trace_144512852.txt, 144512852
trace_385778142.txt, 385778142
trace_804449044.txt, 804449044
trace_74998209.txt, 74998209
trace_920665691.txt, 920665691
trace_914446465.txt, 914446465
trace_918654245.txt, 918654245
trace_812986364.txt, 812986364
trace_496010486.txt, 496010486
trace_981273804.txt, 981273804
trace_884093731.txt, 884093731
trace_295588499.txt, 295588499
trace_615348549.txt, 615348549
trace_260822172.txt, 260822172
trace_99948203.txt, 99948203
trace_27834312.txt, 27834312
trace_123495745.txt, 123495745
trace_608270963.txt, 608270963
trace_83545357.txt, 83545357
trace_444116747.txt, 444116747
trace_502872031.txt, 502872031
trace_902483443.txt, 902483443
trace_267266514.txt, 267266514
trace_846935880.txt, 846935880
trace_313454546.txt, 313454546
trace_37193815.txt, 37193815
trace_723394364.txt, 723394364
trace_533048873.txt, 533048873
trace_480350944.txt, 480350944
trace_789978483.txt, 789978483
trace_454757073.txt, 454757073
trace_9805388.txt, 9805388
trace_1000281936.txt, 1000281936
trace_614972112.txt, 614972112
trace_79522541.txt, 79522541
trace_814504751.txt, 814504751
trace_231485491.txt, 231485491
trace_264279832.txt, 264279832
trace_151029628.txt, 151029628
trace_424311474.txt, 424311474
trace_1041703063.txt, 1041703063
trace_483098947.txt, 483098947
trace_126598626.txt, 126598626
trace_125364467.txt, 125364467
trace_1060392425.txt, 1060392425
trace_868718588.txt, 868718588
trace_39193424.txt, 39193424
trace_418978397.txt, 418978397
trace_581879601.txt, 581879601
trace_676524123.txt, 676524123
trace_549789018.txt, 549789018
trace_1053172520.txt, 1053172520
trace_634398437.txt, 634398437
trace_1022987762.txt, 1022987762
trace_515771987.txt, 515771987
trace_796451889.txt, 796451889
trace_175777823.txt, 175777823
trace_705326920.txt, 705326920
trace_48017234.txt, 48017234
trace_857713691.txt, 857713691
trace_954783703.txt, 954783703
trace_741806252.txt, 741806252
trace_515228998.txt, 515228998
trace_145230125.txt, 145230125
trace_727789861.txt, 727789861
trace_1049901081.txt, 1049901081
trace_816290115.txt, 816290115
trace_676909021.txt, 676909021
trace_193484529.txt, 193484529
trace_298349806.txt, 298349806
trace_9241838.txt, 9241838
trace_391726321.txt, 391726321
trace_939089077.txt, 939089077
trace_266049602.txt, 266049602
trace_908136512.txt, 908136512
trace_58924680.txt, 58924680
trace_595688111.txt, 595688111
trace_377564121.txt, 377564121
trace_77786463.txt, 77786463
trace_645864876.txt, 645864876
trace_1054322020.txt, 1054322020
trace_923616892.txt, 923616892
trace_942697182.txt, 942697182
trace_493710450.txt, 493710450
trace_956376763.txt, 956376763
trace_129946816.txt, 129946816
trace_611203596.txt, 611203596
trace_209500750.txt, 209500750
trace_974624163.txt, 974624163
trace_783608025.txt, 783608025
trace_464677135.txt, 464677135
trace_848947006.txt, 848947006
trace_211572181.txt, 211572181
trace_144353277.txt, 144353277
trace_876256063.txt, 876256063
trace_130550134.txt, 130550134
trace_752460723.txt, 752460723
trace_180177204.txt, 180177204
trace_478877620.txt, 478877620
trace_316374910.txt, 316374910
trace_202548712.txt, 202548712
trace_1024771107.txt, 1024771107
trace_254985866.txt, 254985866
trace_1011958217.txt, 1011958217
trace_737507355.txt, 737507355
trace_648067253.txt, 648067253
trace_133260645.txt, 133260645
trace_442158309.txt, 442158309
trace_300036329.txt, 300036329
trace_926436503.txt, 926436503
trace_206415264.txt, 206415264
trace_925609723.txt, 925609723
trace_419500493.txt, 419500493
trace_502195409.txt, 502195409
trace_534365864.txt, 534365864
trace_586018832.txt, 586018832
trace_198493193.txt, 198493193
trace_1069524441.txt, 1069524441
trace_145558776.txt, 145558776
trace_740341282.txt, 740341282
trace_744637470.txt, 744637470
trace_815296594.txt, 815296594
trace_692081555.txt, 692081555
trace_811754332.txt, 811754332
trace_752327945.txt, 752327945
trace_773455469.txt, 773455469
trace_265452115.txt, 265452115
trace_705591839.txt, 705591839
trace_97959319.txt, 97959319
trace_670668743.txt, 670668743
trace_626054377.txt, 626054377
trace_123890439.txt, 123890439
trace_171348514.txt, 171348514
trace_619222957.txt, 619222957
trace_260566885.txt, 260566885
trace_998214993.txt, 998214993
trace_558807417.txt, 558807417
trace_271878430.txt, 271878430
trace_832878191.txt, 832878191
trace_651021089.txt, 651021089
trace_552948660.txt, 552948660
trace_294739505.txt, 294739505
trace_663987495.txt, 663987495
trace_762275311.txt, 762275311
trace_1016341837.txt, 1016341837
trace_628496535.txt, 628496535
trace_985917877.txt, 985917877
trace_883837334.txt, 883837334
trace_775184793.txt, 775184793
trace_396017022.txt, 396017022
trace_759256046.txt, 759256046
trace_449143550.txt, 449143550
trace_414306432.txt, 414306432
trace_435342237.txt, 435342237
trace_15885517.txt, 15885517
trace_1064958800.txt, 1064958800
trace_813987807.txt, 813987807
trace_373712018.txt, 373712018
trace_540074040.txt, 540074040
trace_991545871.txt, 991545871
trace_1004603981.txt, 1004603981
trace_540864054.txt, 540864054
trace_981416179.txt, 981416179
trace_157186413.txt, 157186413
trace_688639753.txt, 688639753
trace_248211789.txt, 248211789
trace_119516030.txt, 119516030
trace_693699041.txt, 693699041
trace_1037177454.txt, 1037177454
trace_113487351.txt, 113487351
trace_495581502.txt, 495581502
trace_157325192.txt, 157325192
trace_217425654.txt, 217425654
trace_650098529.txt, 650098529
trace_661361263.txt, 661361263
trace_633321278.txt, 633321278
trace_875933690.txt, 875933690
trace_130130185.txt, 130130185
trace_695623452.txt, 695623452
trace_466459367.txt, 466459367
trace_518467060.txt, 518467060
trace_634656729.txt, 634656729
trace_344252141.txt, 344252141
trace_690354828.txt, 690354828
trace_408512724.txt, 408512724
trace_804558577.txt, 804558577
trace_793917854.txt, 793917854
trace_34845433.txt, 34845433
trace_433708369.txt, 433708369
trace_633948994.txt, 633948994
trace_888700697.txt, 888700697
trace_453165846.txt, 453165846
trace_10130755.txt, 10130755
trace_732294160.txt, 732294160
trace_626571475.txt, 626571475
trace_763494283.txt, 763494283
trace_454859560.txt, 454859560
trace_94430115.txt, 94430115
trace_30416812.txt, 30416812
trace_370091830.txt, 370091830
trace_225724463.txt, 225724463
trace_59874044.txt, 59874044
trace_392619498.txt, 392619498
trace_319386782.txt, 319386782
trace_492979578.txt, 492979578
trace_345819714.txt, 345819714
trace_564850932.txt, 564850932
trace_111400336.txt, 111400336
trace_175231965.txt, 175231965
trace_516696468.txt, 516696468
trace_482002574.txt, 482002574
trace_646997665.txt, 646997665
trace_743522307.txt, 743522307
trace_242308307.txt, 242308307
trace_988669688.txt, 988669688
trace_251435754.txt, 251435754
trace_882791007.txt, 882791007
trace_686854921.txt, 686854921
trace_447067881.txt, 447067881
trace_741076262.txt, 741076262
trace_982028810.txt, 982028810
trace_1043410209.txt, 1043410209
trace_543269608.txt, 543269608
trace_536457863.txt, 536457863
trace_680291312.txt, 680291312
trace_782768225.txt, 782768225
trace_568849552.txt, 568849552
trace_539030316.txt, 539030316
trace_1027940732.txt, 1027940732
trace_244261438.txt, 244261438
trace_669420864.txt, 669420864
trace_889711279.txt, 889711279
trace_828423608.txt, 828423608
trace_724670149.txt, 724670149
trace_453435034.txt, 453435034
trace_169129463.txt, 169129463
trace_1006476588.txt, 1006476588
trace_194268385.txt, 194268385
trace_483070915.txt, 483070915
trace_125105288.txt, 125105288
trace_182840997.txt, 182840997
trace_517725797.txt, 517725797
trace_72054475.txt, 72054475
trace_523161694.txt, 523161694
trace_831884154.txt, 831884154
trace_729912919.txt, 729912919
trace_695507977.txt, 695507977
trace_395685288.txt, 395685288
trace_441461444.txt, 441461444
trace_694983673.txt, 694983673
trace_429400582.txt, 429400582
trace_442926204.txt, 442926204
trace_613356633.txt, 613356633
trace_1008765050.txt, 1008765050
trace_849265424.txt, 849265424
trace_849077867.txt, 849077867
trace_109188434.txt, 109188434
trace_736760105.txt, 736760105
trace_618298269.txt, 618298269
trace_163826992.txt, 163826992
trace_187220226.txt, 187220226
trace_710998935.txt, 710998935
trace_10651140.txt, 10651140
trace_46934053.txt, 46934053
trace_704029562.txt, 704029562
trace_1067342449.txt, 1067342449
trace_970443452.txt, 970443452
trace_994760421.txt, 994760421
trace_748903865.txt, 748903865
trace_680682335.txt, 680682335
trace_967367068.txt, 967367068
trace_1034056588.txt, 1034056588
trace_597439554.txt, 597439554
trace_966177736.txt, 966177736
trace_960552363.txt, 960552363
trace_733602170.txt, 733602170
trace_602306970.txt, 602306970
trace_248384187.txt, 248384187
trace_116951252.txt, 116951252
trace_725920184.txt, 725920184
trace_618766028.txt, 618766028
trace_1044623748.txt, 1044623748
trace_670017026.txt, 670017026
trace_850654085.txt, 850654085
trace_512766489.txt, 512766489
trace_354535597.txt, 354535597
trace_487977320.txt, 487977320
trace_941244244.txt, 941244244
trace_249995351.txt, 249995351
trace_823388457.txt, 823388457
trace_45869599.txt, 45869599
trace_585143083.txt, 585143083
trace_616174381.txt, 616174381
trace_132074829.txt, 132074829
trace_920098665.txt, 920098665
trace_849696285.txt, 849696285
trace_134695715.txt, 134695715
trace_519499164.txt, 519499164
trace_866674333.txt, 866674333
trace_989217854.txt, 989217854
trace_15254761.txt, 15254761
trace_514208567.txt, 514208567
trace_923923004.txt, 923923004
trace_853620143.txt, 853620143
trace_773681668.txt, 773681668
trace_817126165.txt, 817126165
trace_547800894.txt, 547800894
trace_594812673.txt, 594812673
trace_16370320.txt, 16370320
trace_12595452.txt, 12595452
trace_699745005.txt, 699745005
trace_233654605.txt, 233654605
trace_325859147.txt, 325859147
trace_726016516.txt, 726016516
trace_805565198.txt, 805565198
trace_3343446.txt, 3343446
trace_179843295.txt, 179843295
trace_554021264.txt, 554021264
trace_144346302.txt, 144346302
trace_301993941.txt, 301993941
trace_129013385.txt, 129013385
trace_776037408.txt, 776037408
trace_844844703.txt, 844844703
trace_780065089.txt, 780065089
trace_1026644297.txt, 1026644297
trace_128512306.txt, 128512306
trace_179800868.txt, 179800868
trace_770933619.txt, 770933619
trace_291650136.txt, 291650136
trace_908191267.txt, 908191267
trace_157306650.txt, 157306650
trace_914169705.txt, 914169705
trace_655742815.txt, 655742815
trace_617100746.txt, 617100746
trace_522608481.txt, 522608481
trace_850028176.txt, 850028176
trace_587362145.txt, 587362145
trace_935000848.txt, 935000848
trace_414715865.txt, 414715865
trace_677394519.txt, 677394519
trace_192136189.txt, 192136189
trace_553800934.txt, 553800934
trace_411065864.txt, 411065864
trace_390995901.txt, 390995901
trace_189280701.txt, 189280701
trace_347764382.txt, 347764382
trace_401020428.txt, 401020428
trace_772644050.txt, 772644050
trace_715624863.txt, 715624863
trace_856187919.txt, 856187919
trace_387718428.txt, 387718428
trace_564128217.txt, 564128217
trace_727277085.txt, 727277085
trace_950557557.txt, 950557557
trace_311893821.txt, 311893821
trace_2281222.txt, 2281222
trace_957486333.txt, 957486333
trace_853961311.txt, 853961311
trace_491295211.txt, 491295211
trace_719502197.txt, 719502197
trace_1038127138.txt, 1038127138
trace_129918293.txt, 129918293
trace_731925899.txt, 731925899
trace_943543880.txt, 943543880
trace_626255640.txt, 626255640
trace_401560066.txt, 401560066
trace_204792723.txt, 204792723
trace_381733977.txt, 381733977
trace_411799668.txt, 411799668
trace_617619278.txt, 617619278
trace_700745347.txt, 700745347
trace_743732810.txt, 743732810
trace_69688119.txt, 69688119
trace_839088564.txt, 839088564
trace_622960993.txt, 622960993
trace_325313429.txt, 325313429
trace_744514188.txt, 744514188
trace_161722151.txt, 161722151
trace_864392603.txt, 864392603
trace_922651630.txt, 922651630
trace_946402458.txt, 946402458
trace_166036339.txt, 166036339
trace_143098870.txt, 143098870
trace_92603046.txt, 92603046
trace_748411527.txt, 748411527
trace_1031575059.txt, 1031575059
trace_47998052.txt, 47998052
trace_273523516.txt, 273523516
trace_728965582.txt, 728965582
trace_1020457117.txt, 1020457117
trace_241085113.txt, 241085113
trace_38886030.txt, 38886030
trace_676520237.txt, 676520237
trace_576704250.txt, 576704250
trace_524708820.txt, 524708820
trace_979800194.txt, 979800194
trace_338342514.txt, 338342514
trace_292609354.txt, 292609354
trace_684904135.txt, 684904135
trace_246932190.txt, 246932190
trace_536864519.txt, 536864519
trace_873740732.txt, 873740732
trace_706348918.txt, 706348918
trace_787946966.txt, 787946966
trace_17163206.txt, 17163206
trace_838052152.txt, 838052152
trace_946193238.txt, 946193238
trace_394158013.txt, 394158013
trace_121950471.txt, 121950471
trace_14969607.txt, 14969607
trace_720432801.txt, 720432801
trace_544629485.txt, 544629485
trace_687124947.txt, 687124947
trace_582554311.txt, 582554311
trace_964099216.txt, 964099216
trace_656286528.txt, 656286528
trace_372475994.txt, 372475994
trace_757917000.txt, 757917000
trace_899720289.txt, 899720289
trace_28400531.txt, 28400531
trace_865677924.txt, 865677924
trace_427229776.txt, 427229776
trace_639757476.txt, 639757476
trace_638046421.txt, 638046421
trace_232532059.txt, 232532059
trace_396987517.txt, 396987517
trace_668360057.txt, 668360057
trace_11927352.txt, 11927352
trace_938123390.txt, 938123390
trace_885066003.txt, 885066003
trace_726142869.txt, 726142869
trace_673743698.txt, 673743698
trace_116882315.txt, 116882315
trace_686717628.txt, 686717628
trace_663629584.txt, 663629584
trace_835662919.txt, 835662919
trace_108693261.txt, 108693261
trace_566699875.txt, 566699875
trace_320657299.txt, 320657299
trace_813333235.txt, 813333235
trace_922584134.txt, 922584134
trace_547704961.txt, 547704961
trace_365142934.txt, 365142934
trace_1030254148.txt, 1030254148
trace_980255327.txt, 980255327
trace_808795391.txt, 808795391
trace_208526601.txt, 208526601
trace_186121439.txt, 186121439
trace_532801732.txt, 532801732
trace_856243161.txt, 856243161
trace_268766423.txt, 268766423
trace_878751046.txt, 878751046
trace_684574749.txt, 684574749
trace_510963828.txt, 510963828
trace_225277143.txt, 225277143
trace_809375425.txt, 809375425
trace_553869893.txt, 553869893
trace_203874384.txt, 203874384
trace_913360465.txt, 913360465
trace_45144435.txt, 45144435
trace_256869251.txt, 256869251
trace_692228492.txt, 692228492
trace_373409438.txt, 373409438
trace_562350211.txt, 562350211
trace_821426007.txt, 821426007
trace_231000953.txt, 231000953
trace_870100278.txt, 870100278
trace_896685193.txt, 896685193
trace_854994337.txt, 854994337
trace_94723209.txt, 94723209
trace_119629940.txt, 119629940
trace_826151385.txt, 826151385
trace_379156089.txt, 379156089
trace_779720754.txt, 779720754
trace_120145933.txt, 120145933
trace_1022787563.txt, 1022787563
trace_651138175.txt, 651138175
trace_516576558.txt, 516576558
trace_794720739.txt, 794720739
trace_199985072.txt, 199985072
trace_1064307930.txt, 1064307930
trace_502752083.txt, 502752083
trace_226146544.txt, 226146544
trace_360043244.txt, 360043244
trace_48039151.txt, 48039151
trace_142713099.txt, 142713099
trace_138649473.txt, 138649473
trace_94436091.txt, 94436091
trace_796385574.txt, 796385574
trace_633586755.txt, 633586755
trace_167348582.txt, 167348582
trace_839576982.txt, 839576982
trace_226967749.txt, 226967749
trace_731348042.txt, 731348042
trace_973834691.txt, 973834691
trace_476769992.txt, 476769992
trace_434217547.txt, 434217547
trace_931998675.txt, 931998675
trace_832001366.txt, 832001366
trace_554276512.txt, 554276512
trace_417755610.txt, 417755610
trace_865211596.txt, 865211596
trace_1028628181.txt, 1028628181
trace_909884040.txt, 909884040
trace_737746275.txt, 737746275
trace_815873338.txt, 815873338
trace_51708063.txt, 51708063
trace_743694963.txt, 743694963
trace_186929893.txt, 186929893
trace_569362497.txt, 569362497
trace_119711469.txt, 119711469
trace_208564524.txt, 208564524
trace_244724610.txt, 244724610
trace_208061785.txt, 208061785
trace_205160641.txt, 205160641
trace_126517583.txt, 126517583
trace_27933363.txt, 27933363
trace_83892090.txt, 83892090
trace_484558166.txt, 484558166
trace_1929917.txt, 1929917
trace_203171086.txt, 203171086
